"section","metric","value","month","n","mean","sd","se","median","min","max","analysis","test","W","p_value","df1","df2","F","comparison","mean_difference","lower_95_ci","upper_95_ci","p_adjusted"
"data_summary","source_file","data_HL.csv",NA,NA,NA,NA,NA,NA,NA,NA,NA,NA,NA,NA,NA,NA,NA,NA,NA,NA,NA,NA
"data_summary","n_records","406",NA,NA,NA,NA,NA,NA,NA,NA,NA,NA,NA,NA,NA,NA,NA,NA,NA,NA,NA,NA
"data_summary","months_compared","April; May; June; July; August; September; October; November",NA,NA,NA,NA,NA,NA,NA,NA,NA,NA,NA,NA,NA,NA,NA,NA,NA,NA,NA,NA
"descriptive_statistics",NA,NA,"April",118,4.06228813559322,8.1210731903131,0.74760538490968,1.325,0.05,76,NA,NA,NA,NA,NA,NA,NA,NA,NA,NA,NA,NA
"descriptive_statistics",NA,NA,"May",89,2.83752808988764,6.42717548611485,0.681279238971058,0.8,0.1,43.2,NA,NA,NA,NA,NA,NA,NA,NA,NA,NA,NA,NA
"descriptive_statistics",NA,NA,"June",34,3.21470588235294,8.86249887303292,1.51990601755222,0.715,0.1,51,NA,NA,NA,NA,NA,NA,NA,NA,NA,NA,NA,NA
"descriptive_statistics",NA,NA,"July",69,2.61971014492754,6.10014584469201,0.734371261460858,0.8,0.03,43.2,NA,NA,NA,NA,NA,NA,NA,NA,NA,NA,NA,NA
"descriptive_statistics",NA,NA,"August",12,0.879166666666667,1.42283620940285,0.410737434255742,0.225,0.07,4.75,NA,NA,NA,NA,NA,NA,NA,NA,NA,NA,NA,NA
"descriptive_statistics",NA,NA,"September",76,5.165,9.42403940286047,1.08101145781616,1.2,0.05,46.2,NA,NA,NA,NA,NA,NA,NA,NA,NA,NA,NA,NA
"descriptive_statistics",NA,NA,"October",6,2.47166666666667,2.84556087031479,1.16169536071688,1.2,0.6,8,NA,NA,NA,NA,NA,NA,NA,NA,NA,NA,NA,NA
"descriptive_statistics",NA,NA,"November",2,2.1,2.68700576850888,1.9,2.1,0.2,4,NA,NA,NA,NA,NA,NA,NA,NA,NA,NA,NA,NA
"assumption_tests",NA,NA,NA,NA,NA,NA,NA,NA,NA,NA,"Raw total tick density","Shapiro-Wilk test on ANOVA residuals",0.494986196514109,2.42475312670393e-32,NA,NA,NA,NA,NA,NA,NA,NA
"assumption_tests",NA,NA,NA,NA,NA,NA,NA,NA,NA,NA,"Raw total tick density","Median-centered Levene test",NA,0.444390906430024,7,398,0.98121737513532,NA,NA,NA,NA,NA
"assumption_tests",NA,NA,NA,NA,NA,NA,NA,NA,NA,NA,"Log-transformed total tick density","Shapiro-Wilk test on ANOVA residuals",0.988156441221979,0.0022141804476036,NA,NA,NA,NA,NA,NA,NA,NA
"assumption_tests",NA,NA,NA,NA,NA,NA,NA,NA,NA,NA,"Log-transformed total tick density","Median-centered Levene test",NA,0.332824165368628,7,398,1.1467896314426,NA,NA,NA,NA,NA
"overall_tests",NA,NA,NA,NA,NA,NA,NA,NA,NA,NA,"Raw total tick density","One-way ANOVA",NA,0.385267540933262,7,398,1.06504690757168,NA,NA,NA,NA,NA
"overall_tests",NA,NA,NA,NA,NA,NA,NA,NA,NA,NA,"Raw total tick density","Welch one-way ANOVA",NA,0.0314044192066601,7,16.9818794948554,2.97480295800264,NA,NA,NA,NA,NA
"overall_tests",NA,NA,NA,NA,NA,NA,NA,NA,NA,NA,"Log-transformed total tick density","One-way ANOVA",NA,0.0174536010719034,7,398,2.46413334981136,NA,NA,NA,NA,NA
"tukey_hsd_posthoc",NA,NA,NA,NA,NA,NA,NA,NA,NA,NA,"Raw total tick density",NA,NA,NA,NA,NA,NA,"May-April",-1.22476004570558,-4.49129688519731,2.04177679378616,0.94696459038714
"tukey_hsd_posthoc",NA,NA,NA,NA,NA,NA,NA,NA,NA,NA,"Raw total tick density",NA,NA,NA,NA,NA,NA,"June-April",-0.847582253240269,-5.37634663805493,3.68118213157439,0.999187025456872
"tukey_hsd_posthoc",NA,NA,NA,NA,NA,NA,NA,NA,NA,NA,"Raw total tick density",NA,NA,NA,NA,NA,NA,"July-April",-1.44257799066567,-4.96867006839428,2.08351408706293,0.91730092498489
"tukey_hsd_posthoc",NA,NA,NA,NA,NA,NA,NA,NA,NA,NA,"Raw total tick density",NA,NA,NA,NA,NA,NA,"August-April",-3.18312146892655,-10.2329482169452,3.86670527909209,0.867851473608287
"tukey_hsd_posthoc",NA,NA,NA,NA,NA,NA,NA,NA,NA,NA,"Raw total tick density",NA,NA,NA,NA,NA,NA,"September-April",1.10271186440679,-2.31937839325785,4.52480212207143,0.976810718163023
"tukey_hsd_posthoc",NA,NA,NA,NA,NA,NA,NA,NA,NA,NA,"Raw total tick density",NA,NA,NA,NA,NA,NA,"October-April",-1.59062146892655,-11.3277882420994,8.14654530424631,0.999668062567981
"tukey_hsd_posthoc",NA,NA,NA,NA,NA,NA,NA,NA,NA,NA,"Raw total tick density",NA,NA,NA,NA,NA,NA,"November-April",-1.96228813559322,-18.5533054381757,14.6287291669893,0.999962257974463
"tukey_hsd_posthoc",NA,NA,NA,NA,NA,NA,NA,NA,NA,NA,"Raw total tick density",NA,NA,NA,NA,NA,NA,"June-May",0.377177792465307,-4.31372559662397,5.06808118155458,0.999997333241886
"tukey_hsd_posthoc",NA,NA,NA,NA,NA,NA,NA,NA,NA,NA,"Raw total tick density",NA,NA,NA,NA,NA,NA,"July-May",-0.217817944960099,-3.94986739442135,3.51423150450115,0.999999710863897
"tukey_hsd_posthoc",NA,NA,NA,NA,NA,NA,NA,NA,NA,NA,"Raw total tick density",NA,NA,NA,NA,NA,NA,"August-May",-1.95836142322098,-9.11342431111251,5.19670146467055,0.991075987325709
"tukey_hsd_posthoc",NA,NA,NA,NA,NA,NA,NA,NA,NA,NA,"Raw total tick density",NA,NA,NA,NA,NA,NA,"September-May",2.32747191011237,-1.30647490900963,5.96141872923436,0.51616744160265
"tukey_hsd_posthoc",NA,NA,NA,NA,NA,NA,NA,NA,NA,NA,"Raw total tick density",NA,NA,NA,NA,NA,NA,"October-May",-0.365861423220976,-10.1794889136643,9.44776606722236,0.999999987279296
"tukey_hsd_posthoc",NA,NA,NA,NA,NA,NA,NA,NA,NA,NA,"Raw total tick density",NA,NA,NA,NA,NA,NA,"November-May",-0.737528089887646,-17.3735349090494,15.8984787292741,0.999999957392261
"tukey_hsd_posthoc",NA,NA,NA,NA,NA,NA,NA,NA,NA,NA,"Raw total tick density",NA,NA,NA,NA,NA,NA,"July-June",-0.594995737425406,-5.4702020943536,4.28021061950279,0.999953274173476
"tukey_hsd_posthoc",NA,NA,NA,NA,NA,NA,NA,NA,NA,NA,"Raw total tick density",NA,NA,NA,NA,NA,NA,"August-June",-2.33553921568628,-10.1479888225056,5.47691039113306,0.984938981273503
"tukey_hsd_posthoc",NA,NA,NA,NA,NA,NA,NA,NA,NA,NA,"Raw total tick density",NA,NA,NA,NA,NA,NA,"September-June",1.95029411764706,-2.85022808453218,6.7508163198263,0.920113992616409
"tukey_hsd_posthoc",NA,NA,NA,NA,NA,NA,NA,NA,NA,NA,"Raw total tick density",NA,NA,NA,NA,NA,NA,"October-June",-0.743039215686283,-11.0457926559368,9.55971422456425,0.999998743588087
"tukey_hsd_posthoc",NA,NA,NA,NA,NA,NA,NA,NA,NA,NA,"Raw total tick density",NA,NA,NA,NA,NA,NA,"November-June",-1.11470588235295,-18.0438572732705,15.8144455085646,0.999999331685352
"tukey_hsd_posthoc",NA,NA,NA,NA,NA,NA,NA,NA,NA,NA,"Raw total tick density",NA,NA,NA,NA,NA,NA,"August-July",-1.74054347826088,-9.0177673546128,5.53668039809104,0.996097536583852
"tukey_hsd_posthoc",NA,NA,NA,NA,NA,NA,NA,NA,NA,NA,"Raw total tick density",NA,NA,NA,NA,NA,NA,"September-July",2.54528985507247,-1.32364176762012,6.41422147776505,0.480001379971917
"tukey_hsd_posthoc",NA,NA,NA,NA,NA,NA,NA,NA,NA,NA,"Raw total tick density",NA,NA,NA,NA,NA,NA,"October-July",-0.148043478260877,-10.0510908344058,9.75500387788405,0.999999999978689
"tukey_hsd_posthoc",NA,NA,NA,NA,NA,NA,NA,NA,NA,NA,"Raw total tick density",NA,NA,NA,NA,NA,NA,"November-July",-0.519710144927547,-17.2086221916746,16.1692019018195,0.999999996380155
"tukey_hsd_posthoc",NA,NA,NA,NA,NA,NA,NA,NA,NA,NA,"Raw total tick density",NA,NA,NA,NA,NA,NA,"September-August",4.28583333333334,-2.94157033171327,11.51323699838,0.615732559771386
"tukey_hsd_posthoc",NA,NA,NA,NA,NA,NA,NA,NA,NA,NA,"Raw total tick density",NA,NA,NA,NA,NA,NA,"October-August",1.5925,-10.0409465561375,13.2259465561375,0.999898343587988
"tukey_hsd_posthoc",NA,NA,NA,NA,NA,NA,NA,NA,NA,NA,"Raw total tick density",NA,NA,NA,NA,NA,NA,"November-August",1.22083333333333,-16.5495498122412,18.9912164789078,0.999999102826522
"tukey_hsd_posthoc",NA,NA,NA,NA,NA,NA,NA,NA,NA,NA,"Raw total tick density",NA,NA,NA,NA,NA,NA,"October-September",-2.69333333333334,-12.5598283203605,7.17316165369381,0.991217394991889
"tukey_hsd_posthoc",NA,NA,NA,NA,NA,NA,NA,NA,NA,NA,"Raw total tick density",NA,NA,NA,NA,NA,NA,"November-September",-3.06500000000001,-19.7322481740401,13.6022481740401,0.999275284557567
"tukey_hsd_posthoc",NA,NA,NA,NA,NA,NA,NA,NA,NA,NA,"Raw total tick density",NA,NA,NA,NA,NA,NA,"November-October",-0.37166666666667,-19.3690053416501,18.6256720083167,0.999999999859622
"tukey_hsd_posthoc",NA,NA,NA,NA,NA,NA,NA,NA,NA,NA,"Log-transformed total tick density",NA,NA,NA,NA,NA,NA,"May-April",-0.382583546226638,-1.01686383311345,0.251696740660177,0.594478947624406
"tukey_hsd_posthoc",NA,NA,NA,NA,NA,NA,NA,NA,NA,NA,"Log-transformed total tick density",NA,NA,NA,NA,NA,NA,"June-April",-0.422894399589319,-1.30226791177968,0.456479112601037,0.825379287028735
"tukey_hsd_posthoc",NA,NA,NA,NA,NA,NA,NA,NA,NA,NA,"Log-transformed total tick density",NA,NA,NA,NA,NA,NA,"July-April",-0.488349895296031,-1.17302935998532,0.196329569393254,0.370197457780078
"tukey_hsd_posthoc",NA,NA,NA,NA,NA,NA,NA,NA,NA,NA,"Log-transformed total tick density",NA,NA,NA,NA,NA,NA,"August-April",-1.45321283548148,-2.82211401491266,-0.0843116560503112,0.0285337838822391
"tukey_hsd_posthoc",NA,NA,NA,NA,NA,NA,NA,NA,NA,NA,"Log-transformed total tick density",NA,NA,NA,NA,NA,NA,"September-April",0.0270236971493596,-0.63746119833458,0.6915085926333,0.999999976658413
"tukey_hsd_posthoc",NA,NA,NA,NA,NA,NA,NA,NA,NA,NA,"Log-transformed total tick density",NA,NA,NA,NA,NA,NA,"October-April",0.109885018476372,-1.78083081845686,2.00060085540961,0.999999719230746
"tukey_hsd_posthoc",NA,NA,NA,NA,NA,NA,NA,NA,NA,NA,"Log-transformed total tick density",NA,NA,NA,NA,NA,NA,"November-April",-0.46677129430442,-3.68833459865814,2.7547920100493,0.999851014793714
"tukey_hsd_posthoc",NA,NA,NA,NA,NA,NA,NA,NA,NA,NA,"Log-transformed total tick density",NA,NA,NA,NA,NA,NA,"June-May",-0.0403108533626806,-0.951167731331594,0.870546024606232,0.999999957907419
"tukey_hsd_posthoc",NA,NA,NA,NA,NA,NA,NA,NA,NA,NA,"Log-transformed total tick density",NA,NA,NA,NA,NA,NA,"July-May",-0.105766349069393,-0.830437617692952,0.618904919554166,0.999843535580833
"tukey_hsd_posthoc",NA,NA,NA,NA,NA,NA,NA,NA,NA,NA,"Log-transformed total tick density",NA,NA,NA,NA,NA,NA,"August-May",-1.07062928925485,-2.45996471212771,0.318706133618021,0.270365715702791
"tukey_hsd_posthoc",NA,NA,NA,NA,NA,NA,NA,NA,NA,NA,"Log-transformed total tick density",NA,NA,NA,NA,NA,NA,"September-May",0.409607243375998,-0.296014932102902,1.1152294188549,0.641607116643806
"tukey_hsd_posthoc",NA,NA,NA,NA,NA,NA,NA,NA,NA,NA,"Log-transformed total tick density",NA,NA,NA,NA,NA,NA,"October-May",0.492468564703011,-1.41309404361806,2.39803117302408,0.993700947940958
"tukey_hsd_posthoc",NA,NA,NA,NA,NA,NA,NA,NA,NA,NA,"Log-transformed total tick density",NA,NA,NA,NA,NA,NA,"November-May",-0.0841877480777816,-3.31448689864569,3.14611140249012,0.999999998957038
"tukey_hsd_posthoc",NA,NA,NA,NA,NA,NA,NA,NA,NA,NA,"Log-transformed total tick density",NA,NA,NA,NA,NA,NA,"July-June",-0.0654554957067121,-1.01209943044525,0.881188439031825,0.999999061805578
"tukey_hsd_posthoc",NA,NA,NA,NA,NA,NA,NA,NA,NA,NA,"Log-transformed total tick density",NA,NA,NA,NA,NA,NA,"August-June",-1.03031843589216,-2.54730202474806,0.486665152963729,0.436575178270262
"tukey_hsd_posthoc",NA,NA,NA,NA,NA,NA,NA,NA,NA,NA,"Log-transformed total tick density",NA,NA,NA,NA,NA,NA,"September-June",0.449918096738679,-0.482224030909438,1.38206022438679,0.822621822452094
"tukey_hsd_posthoc",NA,NA,NA,NA,NA,NA,NA,NA,NA,NA,"Log-transformed total tick density",NA,NA,NA,NA,NA,NA,"October-June",0.532779418065691,-1.46775929584119,2.53331813197257,0.992435617868975
"tukey_hsd_posthoc",NA,NA,NA,NA,NA,NA,NA,NA,NA,NA,"Log-transformed total tick density",NA,NA,NA,NA,NA,NA,"November-June",-0.0438768947151011,-3.33109743702262,3.24334364759241,0.999999999990359
"tukey_hsd_posthoc",NA,NA,NA,NA,NA,NA,NA,NA,NA,NA,"Log-transformed total tick density",NA,NA,NA,NA,NA,NA,"August-July",-0.964862940185453,-2.37791899154481,0.448193111173909,0.429301844869327
"tukey_hsd_posthoc",NA,NA,NA,NA,NA,NA,NA,NA,NA,NA,"Log-transformed total tick density",NA,NA,NA,NA,NA,NA,"September-July",0.515373592445391,-0.235876792953219,1.266623977844,0.422925013647242
"tukey_hsd_posthoc",NA,NA,NA,NA,NA,NA,NA,NA,NA,NA,"Log-transformed total tick density",NA,NA,NA,NA,NA,NA,"October-July",0.598234913772403,-1.32469081055118,2.52116063809599,0.981025429601638
"tukey_hsd_posthoc",NA,NA,NA,NA,NA,NA,NA,NA,NA,NA,"Log-transformed total tick density",NA,NA,NA,NA,NA,NA,"November-July",0.0215786009916111,-3.21899343017722,3.26215063216045,1
"tukey_hsd_posthoc",NA,NA,NA,NA,NA,NA,NA,NA,NA,NA,"Log-transformed total tick density",NA,NA,NA,NA,NA,NA,"September-August",1.48023653263084,0.0768543283677248,2.88361873689396,0.0304277135263341
"tukey_hsd_posthoc",NA,NA,NA,NA,NA,NA,NA,NA,NA,NA,"Log-transformed total tick density",NA,NA,NA,NA,NA,NA,"October-August",1.56309785395786,-0.695828397814486,3.8220241057302,0.411176369013549
"tukey_hsd_posthoc",NA,NA,NA,NA,NA,NA,NA,NA,NA,NA,"Log-transformed total tick density",NA,NA,NA,NA,NA,NA,"November-August",0.986441541177064,-2.46412530484615,4.43700838720027,0.98842490079214
"tukey_hsd_posthoc",NA,NA,NA,NA,NA,NA,NA,NA,NA,NA,"Log-transformed total tick density",NA,NA,NA,NA,NA,NA,"October-September",0.0828613213270127,-1.83296684117204,1.99868948382606,0.999999964138164
"tukey_hsd_posthoc",NA,NA,NA,NA,NA,NA,NA,NA,NA,NA,"Log-transformed total tick density",NA,NA,NA,NA,NA,NA,"November-September",-0.49379499145378,-3.73016043684971,2.74257045394215,0.999789349619731
"tukey_hsd_posthoc",NA,NA,NA,NA,NA,NA,NA,NA,NA,NA,"Log-transformed total tick density",NA,NA,NA,NA,NA,NA,"November-October",-0.576656312780792,-4.26546743506079,3.11215480949921,0.99975229071685
